Year,Month,Day,Time,Lat,Lon,Depth,Mag,Region,Timestamp
2021,11,20,07:42:12,25.9469,91.5133,34.2,4.1,INDIA-BANGLADESH BORDER REGION,1637394132
2021,7,9,07:46:23,25.9749,90.3995,10.0,4.3,INDIA-BANGLADESH BORDER REGION,1625816783
2021,7,7,03:15:24,25.9603,90.3499,10.0,5.3,INDIA-BANGLADESH BORDER REGION,1625627724
2021,2,24,18:16:46,20.0522,91.0042,10.0,4.5,BAY OF BENGAL,1614190606
2020,11,2,19:43:17,25.7773,91.1728,10.0,4.5,INDIA-BANGLADESH BORDER REGION,1604346197
2020,10,24,03:21:03,23.0338,92.2235,41.3,4.6,INDIA-BANGLADESH BORDER REGION,1603509663
2020,8,26,02:24:03,23.8783,88.4289,10.0,3.8,INDIA-BANGLADESH BORDER REGION,1598408643
2020,7,16,02:27:38,24.6068,92.3957,39.6,4.4,INDIA-BANGLADESH BORDER REGION,1594866458
2020,6,3,01:40:48,24.8316,91.1391,30.5,4.2,INDIA-BANGLADESH BORDER REGION,1591148448
2020,2,25,06:16:20,24.2411,90.0385,10.0,4.0,BANGLADESH,1582611380
2020,1,27,07:10:39,24.773,91.731,10.0,4.5,INDIA-BANGLADESH BORDER REGION,1580109039
2019,5,6,14:18:26,19.7263,90.8861,10.0,4.9,BAY OF BENGAL,1557152306
2019,3,21,14:30:54,25.791,91.0486,10.0,4.3,INDIA-BANGLADESH BORDER REGION,1553178654
2019,2,26,04:49:57,24.0617,90.2952,10.0,3.4,BANGLADESH,1551156597
2018,8,17,19:04:19,25.6343,90.9167,10.0,3.9,INDIA-BANGLADESH BORDER REGION,1534532659
2018,3,21,22:58:23,26.3137,89.9018,10.0,4.0,INDIA-BANGLADESH BORDER REGION,1521673103
2018,1,30,14:15:16,24.5706,89.5825,16.3,4.4,BANGLADESH,1517321716
2018,1,20,01:14:27,26.1323,89.8746,11.5,4.5,INDIA-BANGLADESH BORDER REGION,1516410867
2017,12,11,03:35:13,25.725,90.8605,10.0,4.6,INDIA-BANGLADESH BORDER REGION,1512963313
2017,11,8,04:50:52,24.1007,91.2708,29.9,4.9,INDIA-BANGLADESH BORDER REGION,1510116652
2017,9,7,14:32:03,25.275,90.2279,36.7,4.1,INDIA-BANGLADESH BORDER REGION,1504794723
2017,7,21,00:23:42,24.1789,92.2002,38.8,4.4,INDIA-BANGLADESH BORDER REGION,1500596622
2017,4,25,16:14:55,25.6263,90.8833,31.2,4.3,INDIA-BANGLADESH BORDER REGION,1493136895
2017,4,18,14:01:34,25.0632,91.6394,34.1,4.5,INDIA-BANGLADESH BORDER REGION,1492524094
2017,3,21,15:40:45,25.382,92.5637,38.7,4.4,INDIA-BANGLADESH BORDER REGION,1490110845
2017,2,12,04:05:33,25.548,91.1035,36.9,4.4,INDIA-BANGLADESH BORDER REGION,1486872333
2017,1,3,09:09:02,24.0161,92.0062,36.2,5.5,INDIA-BANGLADESH BORDER REGION,1483434542
2016,11,15,02:10:21,24.5992,92.2986,34.0,4.6,INDIA-BANGLADESH BORDER REGION,1479175821
2016,10,19,07:20:49,24.8107,91.2245,30.3,4.4,INDIA-BANGLADESH BORDER REGION,1476861649
2016,6,27,00:27:43,22.7084,92.0667,10.0,4.7,INDIA-BANGLADESH BORDER REGION,1466987263
2016,5,16,18:03:47,25.9006,90.2255,35.1,4.3,INDIA-BANGLADESH BORDER REGION,1463421827
2016,5,7,09:43:39,25.4013,91.7893,37.6,4.1,INDIA-BANGLADESH BORDER REGION,1462614219
2016,4,5,07:42:24,25.7595,90.5452,10.0,5.0,INDIA-BANGLADESH BORDER REGION,1459842144
2016,3,28,18:40:06,25.9519,90.6891,10.0,4.0,INDIA-BANGLADESH BORDER REGION,1459190406
2015,12,21,23:52:28,24.4134,90.5812,14.2,4.0,BANGLADESH,1450741948
2015,10,29,22:15:56,24.6819,92.4488,36.3,4.8,INDIA-BANGLADESH BORDER REGION,1446156956
2015,9,11,23:56:59,26.0549,89.5568,18.5,4.0,INDIA-BANGLADESH BORDER REGION,1442015819
2015,8,28,19:21:57,25.4869,89.5408,10.0,4.2,INDIA-BANGLADESH BORDER REGION,1440789717
2015,8,20,19:21:11,25.9753,90.1134,10.0,3.9,INDIA-BANGLADESH BORDER REGION,1440098471
2015,8,20,15:36:41,25.0419,91.172,0.0,3.6,INDIA-BANGLADESH BORDER REGION,1440085001
2015,7,10,22:27:36,25.3579,90.6464,10.0,3.8,INDIA-BANGLADESH BORDER REGION,1436567256
2015,7,2,15:09:05,25.837,89.864,15.6,3.0,INDIA-BANGLADESH BORDER REGION,1435849745
2015,6,30,13:15:55,25.9945,90.7529,35.0,4.0,INDIA-BANGLADESH BORDER REGION,1435670155
2015,6,18,14:36:04,22.7402,92.1277,10.0,3.6,INDIA-BANGLADESH BORDER REGION,1434638164
2015,6,2,22:09:08,25.8156,89.906,10.0,3.3,INDIA-BANGLADESH BORDER REGION,1433282948
2015,5,29,03:57:53,25.7601,90.1526,10.0,3.7,INDIA-BANGLADESH BORDER REGION,1432871873
2015,5,28,15:19:17,25.7344,90.8469,10.0,3.6,INDIA-BANGLADESH BORDER REGION,1432826357
2015,4,9,12:58:29,25.671,91.52,5.0,3.4,INDIA-BANGLADESH BORDER REGION,1428584309
2015,4,8,01:43:49,21.8147,89.5709,35.0,4.6,BANGLADESH,1428457429
2015,4,1,09:43:33,25.9431,90.5884,10.0,4.3,INDIA-BANGLADESH BORDER REGION,1427881413
2015,3,22,12:06:43,22.5174,92.7714,47.4,3.6,INDIA-BANGLADESH BORDER REGION,1427026003
2015,3,22,10:20:18,25.5583,92.761,34.3,3.8,INDIA-BANGLADESH BORDER REGION,1427019618
2015,2,24,12:54:41,25.66,91.499,18.3,3.6,INDIA-BANGLADESH BORDER REGION,1424782481
2015,2,23,08:17:46,23.67,90.911,31.4,3.6,BANGLADESH,1424679466
2015,1,15,01:33:03,22.564,92.4931,41.0,4.3,INDIA-BANGLADESH BORDER REGION,1421285583
2015,1,9,13:25:47,26.6377,88.797,35.0,3.5,INDIA-BANGLADESH BORDER REGION,1420809947
2015,1,9,02:20:41,23.8819,90.2797,35.0,3.5,BANGLADESH,1420770041
2014,12,20,12:56:59,20.1391,89.0948,0.0,3.7,BAY OF BENGAL,1419080219
2014,11,16,19:10:19,24.888,91.203,20.4,2.9,INDIA-BANGLADESH BORDER REGION,1416165019
2014,10,30,00:12:17,23.551,90.513,26.3,3.2,BANGLADESH,1414627937
2014,10,17,17:50:45,22.826,92.338,9.1,3.5,INDIA-BANGLADESH BORDER REGION,1413568245
2014,10,13,19:25:23,25.609,91.898,11.7,2.9,INDIA-BANGLADESH BORDER REGION,1413228323
2014,9,12,07:56:39,25.5937,90.0646,3.2,4.1,INDIA-BANGLADESH BORDER REGION,1410508599
2014,8,22,21:51:53,25.787,90.347,10.0,2.8,INDIA-BANGLADESH BORDER REGION,1408744313
2014,8,17,20:34:33,23.6501,91.2946,51.7,4.1,INDIA-BANGLADESH BORDER REGION,1408307673
2014,8,7,17:55:46,24.7496,91.8833,34.9,3.4,INDIA-BANGLADESH BORDER REGION,1407434146
2014,7,27,05:35:34,25.9933,90.3112,0.0,3.6,INDIA-BANGLADESH BORDER REGION,1406439334
2014,7,22,23:35:15,26.2364,89.5355,14.9,4.0,INDIA-BANGLADESH BORDER REGION,1406072115
2014,7,22,22:58:29,26.0259,89.5651,8.4,4.2,INDIA-BANGLADESH BORDER REGION,1406069909
2014,7,22,20:54:41,26.0035,89.7033,16.0,4.3,INDIA-BANGLADESH BORDER REGION,1406062481
2014,6,28,16:37:15,26.3704,89.856,35.0,3.5,INDIA-BANGLADESH BORDER REGION,1403973435
2014,6,27,04:47:32,23.9066,92.5866,0.0,3.7,INDIA-BANGLADESH BORDER REGION,1403844452
2014,6,14,06:45:31,21.9508,90.3317,0.0,3.7,BANGLADESH,1402728331
2014,6,9,17:40:21,24.074,91.4467,30.0,4.1,INDIA-BANGLADESH BORDER REGION,1402335621
2014,5,21,21:38:30,23.9342,92.0823,0.0,3.3,INDIA-BANGLADESH BORDER REGION,1400708310
2014,5,21,16:21:54,18.2405,88.0647,45.1,6.1,BAY OF BENGAL,1400689314
2014,5,4,20:47:42,24.0127,91.3504,30.0,3.0,INDIA-BANGLADESH BORDER REGION,1399236462
2014,2,28,13:11:28,23.6456,91.2654,29.0,3.9,INDIA-BANGLADESH BORDER REGION,1393593088
2014,2,14,13:10:45,24.6038,89.6184,10.0,4.2,BANGLADESH,1392383445
2014,2,5,21:50:41,25.844,90.5539,0.0,3.3,INDIA-BANGLADESH BORDER REGION,1391637041
2014,1,20,13:18:23,22.1049,92.7497,10.0,4.1,INDIA-BANGLADESH BORDER REGION,1390223903
2013,12,17,08:56:27,24.0086,90.8386,28.3,3.5,BANGLADESH,1387270587
2013,12,7,04:41:50,24.089,91.149,48.2,3.5,INDIA-BANGLADESH BORDER REGION,1386391310
2013,12,4,13:05:19,26.5421,89.5621,10.0,4.7,INDIA-BANGLADESH BORDER REGION,1386162319
2013,10,26,08:46:30,25.444,90.817,5.0,3.4,INDIA-BANGLADESH BORDER REGION,1382777190
2013,10,13,19:55:27,25.8293,90.2761,60.0,4.6,INDIA-BANGLADESH BORDER REGION,1381694127
2013,9,8,13:40:57,25.5672,91.9219,17.3,3.6,INDIA-BANGLADESH BORDER REGION,1378647657
2013,8,27,01:20:33,24.206,91.4012,10.0,3.5,INDIA-BANGLADESH BORDER REGION,1377566433
2013,8,23,16:56:32,22.5474,92.5966,10.0,3.7,INDIA-BANGLADESH BORDER REGION,1377276992
2013,8,17,10:24:28,24.195,91.392,26.1,3.0,INDIA-BANGLADESH BORDER REGION,1376735068
2013,8,11,08:24:13,24.8412,91.847,14.1,3.7,INDIA-BANGLADESH BORDER REGION,1376209453
2013,8,7,01:43:27,23.585,88.5867,35.0,3.6,INDIA-BANGLADESH BORDER REGION,1375839807
2013,8,6,18:36:31,23.4205,88.46,35.0,4.5,INDIA-BANGLADESH BORDER REGION,1375814191
2013,7,8,03:44:21,24.1472,91.4189,15.0,4.1,INDIA-BANGLADESH BORDER REGION,1373255061
2013,6,24,08:27:58,25.697,90.702,10.0,3.2,INDIA-BANGLADESH BORDER REGION,1372062478
2013,6,20,04:10:15,22.3258,91.9827,35.0,3.7,BANGLADESH,1371701415
2013,6,20,02:41:46,24.6831,90.2228,31.3,3.8,BANGLADESH,1371696106
2013,6,19,19:45:22,25.3358,91.5431,28.0,3.5,INDIA-BANGLADESH BORDER REGION,1371671122
2013,6,18,00:57:55,24.172,91.422,18.6,3.6,INDIA-BANGLADESH BORDER REGION,1371517075
2013,6,3,06:40:43,24.158,91.644,15.9,3.5,INDIA-BANGLADESH BORDER REGION,1370241643
2013,6,3,01:20:02,25.7627,91.2525,10.0,4.7,INDIA-BANGLADESH BORDER REGION,1370222402
2013,6,1,13:28:54,22.101,88.5967,10.0,4.1,INDIA-BANGLADESH BORDER REGION,1370093334
2013,5,26,14:31:40,24.2,91.588,11.9,3.0,INDIA-BANGLADESH BORDER REGION,1369578700
2013,5,14,20:40:50,24.0554,92.4553,26.1,3.8,INDIA-BANGLADESH BORDER REGION,1368564050
2013,5,10,22:11:24,24.347,91.793,24.3,3.5,INDIA-BANGLADESH BORDER REGION,1368223884
2013,4,25,14:55:00,24.707,91.831,10.0,3.2,INDIA-BANGLADESH BORDER REGION,1366901700
2013,4,16,15:41:12,25.685,90.869,10.0,3.2,INDIA-BANGLADESH BORDER REGION,1366126872
2013,4,15,13:36:03,22.3716,88.2501,35.0,3.2,INDIA-BANGLADESH BORDER REGION,1366032963
2013,4,9,21:46:30,25.58,91.68,10.0,3.1,INDIA-BANGLADESH BORDER REGION,1365543990
2013,4,8,10:10:55,23.0737,92.6046,10.0,3.5,INDIA-BANGLADESH BORDER REGION,1365415855
2013,3,17,22:18:36,15.3579,92.2184,10.0,3.5,BAY OF BENGAL,1363558716
2013,3,4,11:39:32,25.433,91.609,19.6,3.3,INDIA-BANGLADESH BORDER REGION,1362397172
2013,3,2,01:30:39,24.6998,92.198,41.5,5.2,INDIA-BANGLADESH BORDER REGION,1362187839
2013,2,27,12:27:13,25.647,90.671,10.0,3.6,INDIA-BANGLADESH BORDER REGION,1361968033
2013,2,19,21:05:11,25.3646,89.1179,10.0,4.1,INDIA-BANGLADESH BORDER REGION,1361307911
2013,1,15,03:04:28,26.393,89.769,10.0,3.5,INDIA-BANGLADESH BORDER REGION,1358219068
2013,1,13,20:41:02,23.866,92.345,16.4,3.2,INDIA-BANGLADESH BORDER REGION,1358109662
2012,12,30,08:16:43,24.2524,91.715,28.5,4.3,INDIA-BANGLADESH BORDER REGION,1356855403
2012,12,17,12:48:03,24.7118,91.5888,9.3,3.4,INDIA-BANGLADESH BORDER REGION,1355748483
2012,12,13,10:05:24,22.4224,92.7095,20.8,4.2,INDIA-BANGLADESH BORDER REGION,1355393124
2012,12,13,08:41:57,24.9228,88.836,35.0,3.6,INDIA-BANGLADESH BORDER REGION,1355388117
2012,11,27,15:23:54,24.834,90.506,10.0,2.9,BANGLADESH,1354029834
2012,11,25,06:01:45,23.6816,91.4683,45.3,4.5,INDIA-BANGLADESH BORDER REGION,1353823305
2012,11,14,22:10:04,23.2597,91.4261,29.9,3.5,INDIA-BANGLADESH BORDER REGION,1352931004
2012,11,14,14:40:50,21.464,89.177,39.4,3.7,BANGLADESH,1352904050
2012,11,6,08:47:15,25.71,91.423,15.6,2.5,INDIA-BANGLADESH BORDER REGION,1352191635
2012,10,29,00:34:57,25.645,91.839,10.0,3.4,INDIA-BANGLADESH BORDER REGION,1351470897
2012,10,23,15:08:03,24.881,92.601,39.8,2.8,INDIA-BANGLADESH BORDER REGION,1351004883
2012,10,18,05:32:18,25.67,91.785,11.5,3.2,INDIA-BANGLADESH BORDER REGION,1350538338
2012,9,20,01:38:23,24.189,91.704,12.3,3.0,INDIA-BANGLADESH BORDER REGION,1348105103
2012,9,10,19:22:14,23.2871,90.7116,35.0,3.9,BANGLADESH,1347304934
2012,9,6,18:27:10,25.4879,91.0861,34.6,4.5,INDIA-BANGLADESH BORDER REGION,1346956030
2012,8,22,10:23:36,24.3605,90.9492,14.5,3.3,BANGLADESH,1345631016
2012,8,19,20:52:54,24.9222,92.6957,37.7,2.8,INDIA-BANGLADESH BORDER REGION,1345409574
2012,8,5,06:36:49,24.7944,91.8322,38.5,4.2,INDIA-BANGLADESH BORDER REGION,1344148609
2012,8,2,13:16:41,19.7773,89.7893,35.0,4.7,BAY OF BENGAL,1343913401
2012,7,17,21:21:03,24.805,91.962,34.1,3.3,INDIA-BANGLADESH BORDER REGION,1342560063
2012,7,15,11:38:12,22.632,89.5172,10.0,3.5,BANGLADESH,1342352292
2012,7,3,10:28:08,25.025,92.022,22.9,3.1,INDIA-BANGLADESH BORDER REGION,1341311288
2012,6,29,05:29:57,24.1502,91.9096,8.1,3.5,INDIA-BANGLADESH BORDER REGION,1340947797
2012,6,25,06:09:58,24.8681,91.8262,19.4,3.5,INDIA-BANGLADESH BORDER REGION,1340604598
2012,6,18,19:35:11,25.9557,90.4905,30.4,3.2,INDIA-BANGLADESH BORDER REGION,1340048111
2012,6,12,18:53:39,24.8974,91.2319,8.1,2.7,INDIA-BANGLADESH BORDER REGION,1339527219
2012,6,7,19:38:58,24.9346,91.1971,35.0,3.3,INDIA-BANGLADESH BORDER REGION,1339097938
2012,5,16,17:43:01,25.2113,91.3984,6.3,3.0,INDIA-BANGLADESH BORDER REGION,1337190181
2012,4,20,10:35:02,25.0956,92.2137,24.1,3.5,INDIA-BANGLADESH BORDER REGION,1334918102
2012,3,18,17:23:57,24.9064,92.3174,33.6,3.6,INDIA-BANGLADESH BORDER REGION,1332091437
2012,3,18,02:56:12,23.6448,90.1691,35.0,4.5,BANGLADESH,1332039372
2012,3,4,21:21:32,25.5302,91.0651,0.8,3.1,INDIA-BANGLADESH BORDER REGION,1330896092
2012,2,25,08:45:55,26.2933,88.9185,13.1,3.7,INDIA-BANGLADESH BORDER REGION,1330159555
2012,2,7,12:42:51,23.0469,92.6531,10.0,3.4,INDIA-BANGLADESH BORDER REGION,1328618571
2012,1,1,02:35:21,23.4437,91.7411,32.5,4.6,INDIA-BANGLADESH BORDER REGION,1325385321
2011,11,14,17:36:29,22.2699,92.1834,10.0,3.8,INDIA-BANGLADESH BORDER REGION,1321292189
2011,11,11,09:57:32,26.6892,89.3842,23.2,3.9,INDIA-BANGLADESH BORDER REGION,1321005452
2011,11,5,04:45:05,24.4851,90.2331,35.0,3.3,BANGLADESH,1320468305
2011,11,2,08:57:34,23.4466,90.7946,10.0,3.5,BANGLADESH,1320224254
2011,10,4,12:52:57,25.7775,90.1886,10.0,3.5,INDIA-BANGLADESH BORDER REGION,1317732777
2011,9,18,19:20:54,25.6131,91.0241,34.0,4.0,INDIA-BANGLADESH BORDER REGION,1316373654
2011,8,30,19:30:14,20.957,88.0925,0.0,3.4,BAY OF BENGAL,1314732614
2011,8,27,00:56:18,22.8991,90.5005,0.0,3.9,BANGLADESH,1314406578
2011,8,27,00:55:59,23.4668,90.6647,10.0,4.2,BANGLADESH,1314406559
2011,8,24,06:17:24,24.1927,91.3517,30.0,3.9,INDIA-BANGLADESH BORDER REGION,1314166644
2011,7,28,17:53:41,25.0012,88.7914,46.7,3.7,INDIA-BANGLADESH BORDER REGION,1311875621
2011,7,22,00:58:51,24.6685,92.0216,32.4,4.0,INDIA-BANGLADESH BORDER REGION,1311296331
2011,7,14,12:15:02,21.8568,91.9142,0.0,3.4,BAY OF BENGAL,1310645702
2011,6,23,13:55:10,21.5495,92.4359,0.0,3.4,MYANMAR-BANGLADESH BORDER REGION,1308837310
2011,6,23,12:39:38,23.8162,91.4378,30.0,4.4,INDIA-BANGLADESH BORDER REGION,1308832778
2011,6,21,04:51:00,23.0634,90.3424,35.0,3.6,BANGLADESH,1308631860
2011,6,9,07:34:27,23.5868,89.6407,35.0,4.4,BANGLADESH,1307604867
2011,5,24,03:14:22,25.0133,92.1775,44.0,4.1,INDIA-BANGLADESH BORDER REGION,1306206862
2011,5,17,07:02:49,20.3092,91.2993,35.0,4.7,BAY OF BENGAL,1305615769
2011,5,3,14:38:56,23.3654,90.7239,35.0,4.0,BANGLADESH,1304433536
2011,4,19,13:39:37,23.7237,92.621,35.0,4.1,INDIA-BANGLADESH BORDER REGION,1303220377
2011,4,14,08:06:19,25.6509,90.797,34.0,3.4,INDIA-BANGLADESH BORDER REGION,1302768379
2011,3,15,15:23:45,20.4455,87.7672,0.0,3.3,BAY OF BENGAL,1300202625
2011,2,24,05:36:37,23.8232,91.9227,0.0,3.5,INDIA-BANGLADESH BORDER REGION,1298525797
2011,2,12,10:22:44,23.3481,90.9273,35.0,4.1,BANGLADESH,1297506164
2011,2,1,08:52:47,23.6693,91.7151,29.0,3.8,INDIA-BANGLADESH BORDER REGION,1296550367
2011,1,27,16:40:48,25.8491,90.4731,0.0,3.5,INDIA-BANGLADESH BORDER REGION,1296146448
2011,1,21,10:53:14,24.6448,92.4222,37.0,3.4,INDIA-BANGLADESH BORDER REGION,1295607194
2011,1,14,14:45:28,24.7496,91.1776,0.0,3.2,INDIA-BANGLADESH BORDER REGION,1295016328
2010,12,29,14:03:58,25.5041,92.4486,35.0,4.1,INDIA-BANGLADESH BORDER REGION,1293631438
2010,11,8,14:37:22,25.2827,91.7474,0.0,3.6,INDIA-BANGLADESH BORDER REGION,1289227042
2010,11,5,07:56:49,16.8696,92.3905,35.0,4.1,BAY OF BENGAL,1288943809
2010,10,13,14:35:11,23.3198,91.3553,0.0,3.6,INDIA-BANGLADESH BORDER REGION,1286980511
2010,9,11,07:02:08,25.8367,90.2532,23.1,4.5,INDIA-BANGLADESH BORDER REGION,1284188528
2010,9,10,17:24:17,23.4743,90.6689,13.7,5.1,BANGLADESH,1284139457
2010,9,10,16:39:56,23.5003,90.6771,10.0,3.8,BANGLADESH,1284136796
2010,8,14,02:57:08,22.154,91.6724,10.0,3.4,BANGLADESH,1281754628
2010,8,12,10:33:54,23.1896,92.2434,10.0,3.8,INDIA-BANGLADESH BORDER REGION,1281609234
2010,7,31,00:15:34,22.6983,91.0713,10.0,3.3,BANGLADESH,1280535334
2010,7,30,14:48:05,23.4267,90.7896,10.0,3.3,BANGLADESH,1280501285
2010,6,13,06:13:35,25.8736,90.7632,10.0,3.8,INDIA-BANGLADESH BORDER REGION,1276409615
2010,6,12,16:13:06,23.4187,90.9752,35.0,3.8,BANGLADESH,1276359186
2010,6,11,18:04:58,25.6006,91.3657,34.0,3.5,INDIA-BANGLADESH BORDER REGION,1276279498
2010,3,28,10:48:48,25.7278,90.449,35.0,3.7,INDIA-BANGLADESH BORDER REGION,1269773328
2010,3,28,08:49:51,25.6773,90.3913,35.0,3.8,INDIA-BANGLADESH BORDER REGION,1269766191
2010,2,11,12:43:27,16.0775,87.8014,0.0,3.6,BAY OF BENGAL,1265892207
2010,2,6,02:06:38,17.2192,92.6191,0.0,3.5,BAY OF BENGAL,1265421998
2010,1,15,13:38:42,21.6904,91.9018,35.0,3.8,BAY OF BENGAL,1263562722
2009,12,13,14:41:57,22.0182,91.7738,25.5,4.9,BANGLADESH,1260715317
2009,12,13,14:24:58,22.0378,91.7915,10.0,4.6,BANGLADESH,1260714298
2009,12,11,16:22:17,21.0421,92.4124,35.0,4.1,MYANMAR-BANGLADESH BORDER REGION,1260548537
2009,11,19,08:03:11,25.8479,90.9356,35.0,3.7,INDIA-BANGLADESH BORDER REGION,1258617791
2009,9,23,02:01:20,26.581,88.9575,35.0,3.4,INDIA-BANGLADESH BORDER REGION,1253671280
2009,8,3,18:51:52,22.7116,92.4482,25.0,3.9,INDIA-BANGLADESH BORDER REGION,1249325512
2009,7,13,07:39:09,26.2701,89.5271,31.8,3.3,INDIA-BANGLADESH BORDER REGION,1247470749
2009,7,6,23:23:19,25.8258,90.3031,32.0,3.7,INDIA-BANGLADESH BORDER REGION,1246922599
2009,7,2,15:53:25,22.6986,91.7535,0.0,4.0,BANGLADESH,1246550005
2009,6,29,12:13:32,21.1435,92.4724,0.0,3.7,MYANMAR-BANGLADESH BORDER REGION,1246277612
2009,6,26,12:51:52,23.4371,90.5739,35.0,3.7,BANGLADESH,1246020712
2009,6,1,01:40:46,26.41,89.8004,10.0,3.6,INDIA-BANGLADESH BORDER REGION,1243820446
2009,4,19,06:33:25,25.5917,91.4965,28.0,3.9,INDIA-BANGLADESH BORDER REGION,1240122805
2009,4,14,16:56:46,21.5421,91.6587,10.0,3.8,BAY OF BENGAL,1239728206
2009,4,10,15:34:38,25.9479,90.9891,35.0,3.7,INDIA-BANGLADESH BORDER REGION,1239377678
2009,3,13,13:46:45,26.6025,89.8478,92.9,4.7,INDIA-BANGLADESH BORDER REGION,1236952005
2009,2,27,10:42:38,20.464,89.0911,10.0,4.8,BAY OF BENGAL,1235731358
2009,2,25,23:51:35,23.2301,92.7169,40.9,4.5,INDIA-BANGLADESH BORDER REGION,1235605895
2009,2,15,19:35:56,25.8465,90.1915,14.0,4.2,INDIA-BANGLADESH BORDER REGION,1234726556
2009,2,8,22:58:41,24.0668,91.5132,30.0,3.6,INDIA-BANGLADESH BORDER REGION,1234133921
2009,1,31,10:54:00,25.6924,90.7836,1.6,3.8,INDIA-BANGLADESH BORDER REGION,1233399240
2009,1,29,00:35:01,23.8094,88.2484,35.0,3.3,INDIA-BANGLADESH BORDER REGION,1233189301
2009,1,8,04:22:43,17.184,86.758,33.0,3.2,BAY OF BENGAL,1231388563
2009,1,6,16:03:28,24.2101,89.7447,35.0,3.4,BANGLADESH,1231257808
2009,1,5,07:04:09,22.9286,88.6208,35.0,4.2,INDIA-BANGLADESH BORDER REGION,1231139049
2009,1,1,16:37:20,24.9175,92.0024,35.0,3.3,INDIA-BANGLADESH BORDER REGION,1230827840
2008,12,23,13:20:36,25.0554,91.9149,19.4,4.0,INDIA-BANGLADESH BORDER REGION,1230038436
2008,11,27,23:44:42,21.3224,92.1292,0.0,3.3,MYANMAR-BANGLADESH BORDER REGION,1227829482
2008,11,22,13:26:25,22.0351,92.2637,0.0,3.4,INDIA-BANGLADESH BORDER REGION,1227360385
2008,11,18,23:15:20,23.2206,90.5918,15.7,3.6,BANGLADESH,1227050120
2008,11,18,23:00:45,23.6819,91.1709,9.4,3.8,INDIA-BANGLADESH BORDER REGION,1227049245
2008,10,30,08:59:52,22.3872,92.2269,103.1,3.8,INDIA-BANGLADESH BORDER REGION,1225357192
2008,10,27,20:01:33,23.2516,90.5913,12.4,3.6,BANGLADESH,1225137693
2008,10,16,16:59:06,21.8174,92.6593,35.0,3.4,MYANMAR-BANGLADESH BORDER REGION,1224176346
2008,9,27,03:29:09,21.1544,92.6838,35.0,4.1,MYANMAR-BANGLADESH BORDER REGION,1222486149
2008,9,20,12:21:31,23.4972,90.8078,11.7,3.3,BANGLADESH,1221913291
2008,9,20,12:00:51,23.4719,90.8007,10.0,4.2,BANGLADESH,1221912051
2008,9,20,11:51:39,23.4546,90.6769,0.0,4.5,BANGLADESH,1221911499
2008,9,20,11:42:33,23.2697,90.5227,10.0,3.4,BANGLADESH,1221910953
2008,9,20,11:16:25,23.4502,90.8332,9.2,3.6,BANGLADESH,1221909385
2008,8,22,18:06:53,22.4182,92.4812,32.6,4.7,INDIA-BANGLADESH BORDER REGION,1219428413
2008,8,1,14:45:35,21.8878,92.1432,35.0,3.4,MYANMAR-BANGLADESH BORDER REGION,1217601935
2008,7,26,18:51:51,24.7434,90.5134,18.2,4.8,BANGLADESH,1217098311
2008,7,5,16:55:54,24.4001,88.4708,35.0,4.2,INDIA-BANGLADESH BORDER REGION,1215276954
2008,5,24,09:42:36,26.0981,89.7728,60.8,3.4,INDIA-BANGLADESH BORDER REGION,1211622156
2008,5,8,22:20:52,23.9702,91.1723,42.4,3.9,INDIA-BANGLADESH BORDER REGION,1210285252
2008,4,25,17:27:36,23.4724,91.6016,35.0,3.4,INDIA-BANGLADESH BORDER REGION,1209144456
2008,4,8,19:10:23,22.7011,92.0915,20.8,4.2,INDIA-BANGLADESH BORDER REGION,1207681823
2008,4,8,15:49:14,22.9551,92.6129,43.5,3.6,INDIA-BANGLADESH BORDER REGION,1207669754
2008,3,20,13:15:51,23.8905,90.0389,48.9,3.8,BANGLADESH,1206018951
2008,2,25,22:07:17,22.5139,92.0269,0.0,3.5,INDIA-BANGLADESH BORDER REGION,1203977237
2008,2,17,14:42:39,25.9188,89.927,0.0,3.2,INDIA-BANGLADESH BORDER REGION,1203259359
2008,1,31,13:22:15,22.7517,92.2863,17.5,4.9,INDIA-BANGLADESH BORDER REGION,1201785735
2008,1,15,05:51:28,22.529,91.9094,0.0,3.7,BANGLADESH,1200376288
2008,1,14,08:05:44,22.6678,92.2098,0.0,3.5,INDIA-BANGLADESH BORDER REGION,1200297944
2008,1,13,00:42:07,22.5905,92.0107,0.0,3.5,INDIA-BANGLADESH BORDER REGION,1200184927
2008,1,12,22:44:45,22.8093,92.3013,19.6,4.9,INDIA-BANGLADESH BORDER REGION,1200177885
2007,11,25,17:39:43,22.7838,92.3204,35.5,3.7,INDIA-BANGLADESH BORDER REGION,1196012383
2007,11,20,15:26:26,22.2681,92.4958,35.0,3.4,INDIA-BANGLADESH BORDER REGION,1195572386
2007,11,12,15:16:36,21.6862,91.8815,0.0,3.5,BAY OF BENGAL,1194880596
2007,11,7,21:41:36,26.3671,89.527,60.5,3.3,INDIA-BANGLADESH BORDER REGION,1194471696
2007,11,7,07:10:22,22.1298,92.3661,31.5,5.5,INDIA-BANGLADESH BORDER REGION,1194419422
2007,11,5,01:00:02,25.7533,90.9577,44.6,3.5,INDIA-BANGLADESH BORDER REGION,1194224402
2007,11,3,06:13:07,24.0074,92.5969,35.0,3.5,INDIA-BANGLADESH BORDER REGION,1194070387
2007,10,20,10:10:23,23.704,91.7302,35.0,3.8,INDIA-BANGLADESH BORDER REGION,1192875023
2007,10,18,22:09:21,23.5444,92.0993,35.3,3.5,INDIA-BANGLADESH BORDER REGION,1192745361
2007,9,18,19:49:04,25.1818,91.0139,36.0,4.3,INDIA-BANGLADESH BORDER REGION,1190144944
2007,9,7,20:14:54,22.6963,92.2119,30.0,4.2,INDIA-BANGLADESH BORDER REGION,1189196094
2007,8,31,12:06:35,23.0821,90.249,65.4,4.5,BANGLADESH,1188561995
2007,8,4,05:36:31,23.1934,92.5876,74.8,3.6,INDIA-BANGLADESH BORDER REGION,1186205791
2007,8,1,18:30:35,15.7473,87.0295,10.0,3.5,BAY OF BENGAL,1185993035
2007,7,28,20:19:46,22.7951,92.2197,1.3,3.5,INDIA-BANGLADESH BORDER REGION,1185653986
2007,7,28,01:00:34,22.8377,92.3942,35.0,4.0,INDIA-BANGLADESH BORDER REGION,1185584434
2007,7,28,00:48:27,22.835,92.2749,23.8,4.8,INDIA-BANGLADESH BORDER REGION,1185583707
2007,6,26,01:24:18,18.0869,86.7901,10.0,3.7,BAY OF BENGAL,1182821058
2007,5,28,17:08:55,16.5206,88.5762,35.0,3.6,BAY OF BENGAL,1180372135
2007,5,8,17:16:50,25.5865,90.6364,12.2,3.2,INDIA-BANGLADESH BORDER REGION,1178644610
2007,5,3,10:52:41,25.615,91.0271,12.4,3.4,INDIA-BANGLADESH BORDER REGION,1178189561
2007,3,9,23:36:51,24.735,90.2526,0.0,3.1,BANGLADESH,1173483411
2007,2,15,18:13:28,24.5198,92.5241,16.0,3.5,INDIA-BANGLADESH BORDER REGION,1171563208
2007,2,14,11:44:28,25.5105,90.9644,10.0,3.7,INDIA-BANGLADESH BORDER REGION,1171453468
2007,1,24,10:29:25,25.5974,90.0278,10.0,4.1,INDIA-BANGLADESH BORDER REGION,1169634565
2007,1,7,20:50:10,20.9157,88.5526,0.0,3.6,BAY OF BENGAL,1168203010
2007,1,4,11:58:49,25.2388,91.6861,5.3,3.8,INDIA-BANGLADESH BORDER REGION,1167911929
2007,1,2,13:00:38,24.1452,91.7083,10.0,3.7,INDIA-BANGLADESH BORDER REGION,1167742838
2006,12,20,10:30:24,25.2984,90.0845,45.9,4.2,INDIA-BANGLADESH BORDER REGION,1166610624
2006,12,6,14:42:37,23.0041,92.1751,41.2,3.6,INDIA-BANGLADESH BORDER REGION,1165416157
2006,11,10,13:21:24,24.5361,92.2698,43.6,4.9,INDIA-BANGLADESH BORDER REGION,1163164884
2006,11,8,09:45:08,26.374,88.856,15.0,3.2,INDIA-BANGLADESH BORDER REGION,1162979108
2006,9,17,21:12:13,26.4805,88.4498,59.6,3.4,INDIA-BANGLADESH BORDER REGION,1158527533
2006,9,5,01:40:13,25.7367,92.5476,10.0,3.5,INDIA-BANGLADESH BORDER REGION,1157420413
2006,8,31,05:36:09,26.1837,89.7782,35.0,3.8,INDIA-BANGLADESH BORDER REGION,1157002569
2006,8,12,20:46:11,24.7088,92.7419,44.3,5.0,INDIA-BANGLADESH BORDER REGION,1155415571
2006,8,5,14:39:18,23.5074,89.5482,10.0,4.2,BANGLADESH,1154788758
2006,6,19,16:57:31,25.3848,90.6876,10.0,4.2,INDIA-BANGLADESH BORDER REGION,1150736251
2006,6,2,08:51:17,20.8178,91.7314,72.7,3.5,BAY OF BENGAL,1149238277
2006,5,30,19:43:46,20.695,91.8779,30.9,4.9,BAY OF BENGAL,1149018226
2006,4,11,01:07:07,24.4833,91.2195,35.0,3.6,INDIA-BANGLADESH BORDER REGION,1144717627
2006,3,25,16:23:14,22.6186,92.7121,10.0,3.9,INDIA-BANGLADESH BORDER REGION,1143303794
2006,2,12,04:54:41,24.0272,91.5858,51.8,4.2,INDIA-BANGLADESH BORDER REGION,1139720081
2006,1,17,19:13:06,24.2011,92.707,4.4,3.4,INDIA-BANGLADESH BORDER REGION,1137525186
2005,12,31,06:31:43,25.732,90.384,35.0,4.2,INDIA-BANGLADESH BORDER REGION,1136010703
2005,12,12,07:12:41,25.4993,92.2368,66.3,4.3,INDIA-BANGLADESH BORDER REGION,1134371561
2005,11,16,05:06:04,17.7282,92.1736,27.7,4.2,BAY OF BENGAL,1132117564
2005,11,8,04:51:37,24.431,92.3443,33.0,3.8,INDIA-BANGLADESH BORDER REGION,1131425497
2005,10,31,10:34:00,17.5312,92.5236,10.0,4.7,BAY OF BENGAL,1130754840
2005,10,30,16:23:31,26.3129,89.0275,10.0,3.1,INDIA-BANGLADESH BORDER REGION,1130689411
2005,9,18,12:04:57,20.5267,91.1749,33.0,4.0,BAY OF BENGAL,1127045097
2005,9,12,16:59:49,25.713,90.3735,33.7,4.2,INDIA-BANGLADESH BORDER REGION,1126544389
2005,8,30,00:27:15,16.2737,92.373,10.0,4.0,BAY OF BENGAL,1125361635
2005,8,26,02:53:07,15.9617,92.438,10.0,4.5,BAY OF BENGAL,1125024787
2005,8,8,02:25:45,17.8515,92.3074,10.0,4.6,BAY OF BENGAL,1123467945
2005,7,26,18:27:01,23.19,91.4169,24.3,4.0,INDIA-BANGLADESH BORDER REGION,1122402421
2005,7,24,09:07:55,16.4875,92.5648,33.0,3.8,BAY OF BENGAL,1122196075
2005,7,21,12:45:17,23.0192,91.9033,10.0,4.2,INDIA-BANGLADESH BORDER REGION,1121949917
2005,7,21,11:40:41,22.9837,92.0524,11.3,4.6,INDIA-BANGLADESH BORDER REGION,1121946041
2005,5,24,21:06:30,22.8073,92.1713,24.6,4.2,INDIA-BANGLADESH BORDER REGION,1116968790
2005,5,9,15:51:03,16.3531,92.6248,0.0,3.8,BAY OF BENGAL,1115653863
2005,5,9,15:29:03,16.1441,92.6978,0.0,3.3,BAY OF BENGAL,1115652543
2005,5,3,00:38:55,25.6674,90.8626,39.8,4.3,INDIA-BANGLADESH BORDER REGION,1115080735
2005,5,1,18:36:51,23.3634,92.6756,47.5,3.4,INDIA-BANGLADESH BORDER REGION,1114972611
2005,4,5,22:53:35,21.482,91.9602,33.0,3.4,BAY OF BENGAL,1112741615
2005,4,5,03:23:04,22.6128,92.2593,43.5,4.4,INDIA-BANGLADESH BORDER REGION,1112671384
2005,3,25,04:40:22,15.6018,92.4395,0.0,3.5,BAY OF BENGAL,1111725622
2005,2,27,18:32:10,25.3967,91.603,10.0,4.2,INDIA-BANGLADESH BORDER REGION,1109529130
2005,2,15,11:15:05,24.5336,92.376,10.7,5.0,INDIA-BANGLADESH BORDER REGION,1108466105
2005,2,10,18:22:32,15.8286,92.3079,0.0,3.3,BAY OF BENGAL,1108059752
2005,1,13,14:15:43,15.0446,92.3367,32.2,3.9,BAY OF BENGAL,1105625743
2005,1,11,20:39:09,17.0083,92.4412,33.0,4.2,BAY OF BENGAL,1105475949
2005,1,11,04:00:16,16.5319,92.6839,33.0,4.4,BAY OF BENGAL,1105416016
2005,1,7,22:33:49,15.0281,91.9273,0.0,3.8,BAY OF BENGAL,1105137229
2005,1,7,00:29:44,16.3179,92.1562,33.0,3.6,BAY OF BENGAL,1105057784
2004,12,27,13:13:17,16.0604,90.2687,0.0,3.8,BAY OF BENGAL,1104153197
2004,12,9,08:48:58,24.715,92.5361,41.2,5.3,INDIA-BANGLADESH BORDER REGION,1102582138
2004,12,7,01:57:46,24.3085,92.1161,57.5,4.3,INDIA-BANGLADESH BORDER REGION,1102384666
2004,8,28,21:26:52,24.3046,89.4136,0.0,3.4,BANGLADESH,1093728412
2004,8,12,18:08:45,25.4682,90.8116,10.0,3.8,INDIA-BANGLADESH BORDER REGION,1092334125
2004,8,4,02:09:12,25.6677,90.1038,10.0,4.2,INDIA-BANGLADESH BORDER REGION,1091585352
2004,6,19,18:27:38,19.6867,91.5872,0.0,3.4,BAY OF BENGAL,1087669658
2004,6,16,23:36:44,24.6574,89.7467,10.0,3.8,BANGLADESH,1087429004
2004,5,27,00:22:15,26.2822,89.2242,10.0,4.5,INDIA-BANGLADESH BORDER REGION,1085617335
2004,2,1,06:11:53,16.7158,86.5824,29.2,4.1,BAY OF BENGAL,1075615913
2003,12,30,05:36:23,22.7502,92.3564,10.0,3.7,INDIA-BANGLADESH BORDER REGION,1072762583
2003,12,19,15:30:46,22.8046,92.305,33.0,4.1,INDIA-BANGLADESH BORDER REGION,1071847846
2003,12,6,09:53:03,25.5704,90.3886,26.7,4.4,INDIA-BANGLADESH BORDER REGION,1070704383
2003,12,2,21:14:51,25.8043,90.2635,17.0,3.8,INDIA-BANGLADESH BORDER REGION,1070399691
2003,11,30,17:20:23,24.1335,92.699,9.6,3.1,INDIA-BANGLADESH BORDER REGION,1070212823
2003,10,17,06:26:12,22.4529,91.9016,35.8,3.6,BANGLADESH,1066371972
2003,10,14,10:08:09,22.3245,89.5956,0.0,3.6,BANGLADESH,1066126089
2003,8,13,08:11:55,22.6541,92.1253,0.0,3.8,INDIA-BANGLADESH BORDER REGION,1060762315
2003,8,3,18:33:10,22.8414,92.3686,35.4,3.8,INDIA-BANGLADESH BORDER REGION,1059935590
2003,8,1,03:19:38,22.846,92.276,15.0,4.7,INDIA-BANGLADESH BORDER REGION,1059707978
2003,7,31,20:09:02,22.8931,92.4362,37.6,3.8,INDIA-BANGLADESH BORDER REGION,1059682142
2003,7,27,14:33:09,22.7858,92.2426,9.0,4.4,INDIA-BANGLADESH BORDER REGION,1059316389
2003,7,27,13:45:14,22.8525,92.3438,10.0,3.9,INDIA-BANGLADESH BORDER REGION,1059313514
2003,7,27,13:12:21,22.2922,91.2822,0.0,3.6,BANGLADESH,1059311541
2003,7,27,12:07:29,22.8371,92.3359,7.1,5.4,INDIA-BANGLADESH BORDER REGION,1059307649
2003,7,27,11:00:46,22.6007,92.034,10.0,4.2,INDIA-BANGLADESH BORDER REGION,1059303646
2003,7,27,07:32:56,22.8482,92.3048,37.8,4.3,INDIA-BANGLADESH BORDER REGION,1059291176
2003,7,27,00:19:51,22.848,92.4981,33.0,3.9,INDIA-BANGLADESH BORDER REGION,1059265191
2003,7,27,00:17:20,22.6235,92.1963,48.8,4.3,INDIA-BANGLADESH BORDER REGION,1059265040
2003,7,26,23:18:17,22.8929,92.3317,2.6,5.6,INDIA-BANGLADESH BORDER REGION,1059261497
2003,7,5,19:41:58,25.738,89.9024,24.9,3.5,INDIA-BANGLADESH BORDER REGION,1057434118
2003,4,10,11:09:36,20.3063,90.1748,33.0,3.4,BAY OF BENGAL,1049972976
2003,2,20,14:22:16,25.7279,91.0277,43.0,3.8,INDIA-BANGLADESH BORDER REGION,1045750936
2003,2,15,21:37:30,25.9326,90.588,10.0,3.9,INDIA-BANGLADESH BORDER REGION,1045345050
2003,2,12,07:08:34,25.6527,90.5808,33.0,3.9,INDIA-BANGLADESH BORDER REGION,1045033714
2003,1,4,19:39:44,25.5801,92.2709,74.4,3.4,INDIA-BANGLADESH BORDER REGION,1041709184
2002,12,29,07:05:03,26.3327,88.9185,1.3,2.8,INDIA-BANGLADESH BORDER REGION,1041145503
2002,12,25,18:58:09,21.8899,92.5779,36.2,3.3,MYANMAR-BANGLADESH BORDER REGION,1040842689
2002,12,19,13:33:28,19.8744,91.8133,0.0,3.4,BAY OF BENGAL,1040304808
2002,11,16,23:16:47,19.0236,92.7105,27.4,3.7,BAY OF BENGAL,1037488607
2002,10,30,15:09:22,20.5574,91.2999,1.6,4.2,BAY OF BENGAL,1035990562
2002,10,30,15:09:14,20.7734,91.2385,31.6,3.9,BAY OF BENGAL,1035990554
2002,10,14,13:27:51,24.7127,91.7538,44.5,4.9,INDIA-BANGLADESH BORDER REGION,1034602071
2002,9,24,23:42:01,25.82,90.051,13.4,4.1,INDIA-BANGLADESH BORDER REGION,1032910921
2002,8,23,09:58:02,22.461,92.583,33.0,3.4,INDIA-BANGLADESH BORDER REGION,1030096682
2002,8,20,22:50:55,23.8302,91.7021,54.6,3.5,INDIA-BANGLADESH BORDER REGION,1029883855
2002,7,23,20:21:58,24.748,92.086,45.1,3.8,INDIA-BANGLADESH BORDER REGION,1027455718
2002,7,20,07:37:31,25.124,92.178,31.1,4.3,INDIA-BANGLADESH BORDER REGION,1027150651
2002,7,11,19:16:43,25.809,90.803,10.0,3.9,INDIA-BANGLADESH BORDER REGION,1026415003
2002,6,20,14:46:19,25.324,91.275,22.7,4.0,INDIA-BANGLADESH BORDER REGION,1024584379
2002,6,20,05:40:43,25.868,88.874,37.8,4.5,INDIA-BANGLADESH BORDER REGION,1024551643
2002,5,5,04:54:29,22.581,90.934,10.0,4.5,BANGLADESH,1020574469
2002,4,12,15:48:34,25.085,91.913,27.4,3.8,INDIA-BANGLADESH BORDER REGION,1018626514
2002,3,31,11:43:31,23.701,92.424,37.0,3.4,INDIA-BANGLADESH BORDER REGION,1017575011
2002,3,24,03:48:39,25.882,90.516,37.3,4.0,INDIA-BANGLADESH BORDER REGION,1016941719
2002,3,22,07:00:32,17.512,87.989,33.0,3.9,BAY OF BENGAL,1016780432
2002,3,17,02:03:19,24.25,88.724,10.0,4.0,INDIA-BANGLADESH BORDER REGION,1016330599
2002,3,13,20:58:23,19.135,92.674,33.0,3.6,BAY OF BENGAL,1016053103
2002,3,12,07:33:02,25.211,92.147,59.1,4.1,INDIA-BANGLADESH BORDER REGION,1015918382
2002,1,29,21:56:00,21.542,92.267,144.9,3.6,MYANMAR-BANGLADESH BORDER REGION,1012341360
2002,1,9,06:54:22,24.667,90.492,100.0,3.5,BANGLADESH,1010559262
2001,12,19,07:54:13,23.64,90.283,60.2,4.5,BANGLADESH,1008748453
2001,12,11,19:09:26,20.67,91.965,42.3,3.6,BAY OF BENGAL,1008097766
2001,11,25,20:07:00,19.017,92.308,20.8,3.9,BAY OF BENGAL,1006718820
2001,11,24,06:06:56,18.819,91.4189,0.0,3.4,BAY OF BENGAL,1006582016
2001,11,24,05:14:17,18.855,92.043,33.0,4.3,BAY OF BENGAL,1006578857
2001,11,23,14:00:04,19.696,92.725,19.4,3.6,BAY OF BENGAL,1006524004
2001,11,23,13:33:35,19.648,92.615,10.0,3.5,BAY OF BENGAL,1006522415
2001,11,23,11:32:12,19.078,91.928,10.0,4.7,BAY OF BENGAL,1006515132
2001,11,23,11:09:55,18.749,92.221,10.0,4.3,BAY OF BENGAL,1006513795
2001,11,23,11:07:39,18.915,92.111,10.0,4.4,BAY OF BENGAL,1006513659
2001,11,4,04:09:36,18.891,92.126,10.0,4.2,BAY OF BENGAL,1004846976
2001,11,4,03:52:48,19.033,92.385,17.0,3.9,BAY OF BENGAL,1004845968
2001,11,1,15:49:45,18.844,92.181,10.0,3.8,BAY OF BENGAL,1004629785
2001,11,1,13:20:32,19.056,92.439,10.0,3.3,BAY OF BENGAL,1004620832
2001,10,30,08:59:24,19.051,92.349,14.2,4.1,BAY OF BENGAL,1004432364
2001,10,29,11:51:43,18.99,92.455,10.0,4.3,BAY OF BENGAL,1004356303
2001,10,27,19:03:25,18.872,92.382,10.0,4.2,BAY OF BENGAL,1004209405
2001,10,27,18:26:21,19.062,92.37,10.0,4.5,BAY OF BENGAL,1004207181
2001,10,27,17:13:03,18.879,92.374,10.0,4.3,BAY OF BENGAL,1004202783
2001,10,27,17:11:33,19.073,92.414,10.0,4.0,BAY OF BENGAL,1004202693
2001,10,27,17:07:06,18.978,92.451,34.9,4.1,BAY OF BENGAL,1004202426
2001,10,26,09:20:39,18.722,92.147,10.0,4.3,BAY OF BENGAL,1004088039
2001,10,20,15:29:44,19.725,92.677,12.1,3.6,BAY OF BENGAL,1003591784
2001,10,20,14:40:17,18.987,92.297,2.4,4.4,BAY OF BENGAL,1003588817
2001,10,19,13:39:13,19.204,92.166,41.7,3.9,BAY OF BENGAL,1003498753
2001,10,15,09:47:33,19.065,92.352,42.7,3.2,BAY OF BENGAL,1003139253
2001,10,13,22:18:15,18.946,92.295,8.3,3.9,BAY OF BENGAL,1003011495
2001,10,13,21:58:31,18.973,92.242,10.0,3.8,BAY OF BENGAL,1003010311
2001,10,13,20:54:49,18.88,92.289,10.0,5.2,BAY OF BENGAL,1003006489
2001,10,9,15:39:38,18.4771,91.9463,0.0,3.3,BAY OF BENGAL,1002641978
2001,10,9,14:39:18,18.0984,92.672,0.0,3.5,BAY OF BENGAL,1002638358
2001,10,7,03:03:19,19.067,92.393,3.1,4.0,BAY OF BENGAL,1002423799
2001,10,4,21:50:51,18.932,92.283,10.0,3.6,BAY OF BENGAL,1002232251
2001,9,26,01:46:06,23.369,91.971,25.1,3.9,INDIA-BANGLADESH BORDER REGION,1001468766
2001,9,22,09:29:24,19.013,91.781,8.4,3.7,BAY OF BENGAL,1001150964
2001,9,16,15:56:35,22.486,90.92,33.0,3.5,BANGLADESH,1000655795
2001,9,16,13:09:32,25.2074,90.449,0.0,3.3,INDIA-BANGLADESH BORDER REGION,1000645772
2001,9,4,22:08:03,25.353,90.873,51.6,4.0,INDIA-BANGLADESH BORDER REGION,999641283
2001,8,12,13:17:42,24.436,92.08,33.0,4.6,INDIA-BANGLADESH BORDER REGION,997622262
2001,8,8,10:00:34,24.582,92.028,33.0,3.8,INDIA-BANGLADESH BORDER REGION,997264834
2001,5,26,01:22:50,24.0979,90.3872,0.0,3.9,BANGLADESH,990840170
2001,5,21,23:37:53,23.413,91.973,51.7,3.8,INDIA-BANGLADESH BORDER REGION,990488273
2001,4,27,12:28:32,25.509,91.13,26.0,4.1,INDIA-BANGLADESH BORDER REGION,988374512
2001,4,20,18:35:03,25.98,90.519,36.6,4.5,INDIA-BANGLADESH BORDER REGION,987791703
2001,4,18,20:47:43,24.081,91.579,13.4,3.9,INDIA-BANGLADESH BORDER REGION,987626863
2001,4,16,00:31:31,22.755,89.048,40.9,4.3,BANGLADESH,987381091
2001,4,14,05:59:43,22.898,91.875,33.0,4.1,BANGLADESH,987227983
2001,2,11,01:20:55,24.863,92.078,47.6,4.2,INDIA-BANGLADESH BORDER REGION,981854455
2001,1,16,08:06:59,25.727,90.024,33.0,3.9,INDIA-BANGLADESH BORDER REGION,979632419
2000,12,29,10:43:40,25.701,92.074,15.0,2.9,INDIA-BANGLADESH BORDER REGION,978086620
2000,11,9,17:31:50,25.309,91.411,48.4,4.2,INDIA-BANGLADESH BORDER REGION,973791110
2000,11,9,08:37:51,22.415,92.379,18.6,4.7,INDIA-BANGLADESH BORDER REGION,973759071
2000,11,3,00:33:36,25.863,90.672,33.0,4.1,INDIA-BANGLADESH BORDER REGION,973211616
2000,9,16,20:42:54,22.574,88.111,40.7,2.0,INDIA-BANGLADESH BORDER REGION,969136974
2000,7,4,22:21:07,24.112,90.674,100.2,4.3,BANGLADESH,962749267
2000,6,20,07:16:46,25.785,89.6,33.0,4.0,INDIA-BANGLADESH BORDER REGION,961485406
2000,4,18,07:53:43,25.941,89.762,46.4,3.9,INDIA-BANGLADESH BORDER REGION,956044423
2000,4,16,11:40:31,24.559,91.782,21.6,3.8,INDIA-BANGLADESH BORDER REGION,955885231
2000,1,23,00:33:30,22.692,92.471,100.0,4.3,INDIA-BANGLADESH BORDER REGION,948587610
1999,12,31,00:53:44,21.45,91.768,29.9,4.3,BAY OF BENGAL,946601624
1999,9,21,13:54:43,24.975,88.789,33.0,4.1,INDIA-BANGLADESH BORDER REGION,937922083
1999,9,21,13:54:39,25.159,88.86,2.0,3.9,INDIA-BANGLADESH BORDER REGION,937922079
1999,8,28,20:02:41,22.88,89.152,79.7,4.0,BANGLADESH,935870561
1999,8,28,20:02:33,22.915,89.795,15.0,4.9,BANGLADESH,935870553
1999,7,22,10:42:11,21.526,92.02,10.0,4.3,MYANMAR-BANGLADESH BORDER REGION,932640131
1999,7,22,10:42:11,21.617,91.896,10.0,5.2,BAY OF BENGAL,932640131
1999,7,4,06:05:15,25.419,90.276,33.0,3.8,INDIA-BANGLADESH BORDER REGION,931068315
1999,5,7,17:53:54,26.0918,88.7729,0.0,3.6,INDIA-BANGLADESH BORDER REGION,926099634
1999,4,14,23:21:06,24.789,89.044,33.0,4.2,BANGLADESH,924132066
1999,2,10,18:23:27,23.8626,91.0152,0.0,3.5,INDIA-BANGLADESH BORDER REGION,918671007
1999,2,8,09:50:36,22.173,92.736,33.0,4.1,INDIA-BANGLADESH BORDER REGION,918467436
1998,12,21,15:04:32,22.2995,92.7491,33.0,4.3,INDIA-BANGLADESH BORDER REGION,914252672
1998,10,16,22:22:37,25.6179,90.7519,46.1,3.9,INDIA-BANGLADESH BORDER REGION,908576557
1998,7,12,22:55:10,15.5914,91.1173,33.0,4.2,BAY OF BENGAL,900284110
1998,6,9,07:09:57,23.3269,92.4003,27.2,3.9,INDIA-BANGLADESH BORDER REGION,897376197
1998,2,20,23:15:51,24.3171,89.9948,33.0,3.5,BANGLADESH,888016551
1998,2,20,10:14:06,24.1372,91.3979,33.0,3.9,INDIA-BANGLADESH BORDER REGION,887969646
1998,1,6,03:09:50,25.9072,91.7623,60.7,4.5,INDIA-BANGLADESH BORDER REGION,884056190
1997,12,27,12:05:01,25.5106,91.2957,41.5,3.9,INDIA-BANGLADESH BORDER REGION,883224301
1997,11,22,02:34:43,22.2039,92.6603,52.5,4.8,INDIA-BANGLADESH BORDER REGION,880166083
1997,11,21,11:23:03,22.2195,92.6839,29.6,6.1,INDIA-BANGLADESH BORDER REGION,880111383
1997,11,10,09:12:12,23.0413,92.3611,0.0,3.7,INDIA-BANGLADESH BORDER REGION,879153132
1997,11,10,06:31:35,24.223,89.4344,33.0,3.9,BANGLADESH,879143495
1997,9,5,19:51:11,22.1931,92.0626,0.0,3.7,INDIA-BANGLADESH BORDER REGION,873489071
1997,8,14,05:05:32,24.396,92.0154,33.0,4.1,INDIA-BANGLADESH BORDER REGION,871535132
1997,8,13,04:22:52,23.0576,92.7658,33.0,4.0,INDIA-BANGLADESH BORDER REGION,871446172
1997,8,5,15:59:04,23.1861,90.9787,33.0,4.1,BANGLADESH,870796744
1997,8,2,22:28:33,22.8934,92.771,27.1,3.7,INDIA-BANGLADESH BORDER REGION,870560913
1997,7,20,08:38:26,25.402,89.952,0.0,3.9,INDIA-BANGLADESH BORDER REGION,869387906
1997,6,24,14:09:19,25.0638,92.3238,66.9,3.8,INDIA-BANGLADESH BORDER REGION,867161359
1997,6,24,13:00:04,25.7208,89.9256,33.0,3.7,INDIA-BANGLADESH BORDER REGION,867157204
1997,6,15,01:05:37,23.98,89.91,35.0,4.6,BANGLADESH,866336737
1997,5,10,19:26:17,24.9762,92.4106,33.0,3.7,INDIA-BANGLADESH BORDER REGION,863292377
1997,5,8,02:53:14,24.8899,92.2768,33.7,6.0,INDIA-BANGLADESH BORDER REGION,863059994
1997,4,20,12:27:10,24.791,92.1627,48.4,3.8,INDIA-BANGLADESH BORDER REGION,861539230
1997,4,10,14:44:36,17.2927,87.0347,0.0,4.1,BAY OF BENGAL,860683476
1997,4,6,21:12:02,23.229,92.037,0.0,3.4,INDIA-BANGLADESH BORDER REGION,860361122
1997,4,4,10:08:38,23.088,90.38,0.0,3.7,BANGLADESH,860148518
1997,2,17,16:48:43,24.6656,91.7751,40.1,3.7,INDIA-BANGLADESH BORDER REGION,856198123
1997,1,22,11:12:04,25.5886,90.3114,33.0,4.0,INDIA-BANGLADESH BORDER REGION,853931524
1996,12,18,07:24:04,23.9365,92.4718,118.4,3.8,INDIA-BANGLADESH BORDER REGION,850893844
1996,11,19,00:12:16,24.567,92.6825,26.5,5.4,INDIA-BANGLADESH BORDER REGION,848362336
1996,11,12,00:32:19,21.7982,92.3953,33.0,4.0,MYANMAR-BANGLADESH BORDER REGION,847758739
1996,11,10,14:55:41,22.257,92.7342,33.0,3.7,INDIA-BANGLADESH BORDER REGION,847637741
1996,11,9,07:08:41,22.1066,92.376,14.0,4.2,INDIA-BANGLADESH BORDER REGION,847523321
1996,10,25,18:31:18,25.3088,90.7686,33.0,3.8,INDIA-BANGLADESH BORDER REGION,846268278
1996,9,24,03:28:03,23.4198,88.3988,35.0,4.6,INDIA-BANGLADESH BORDER REGION,843535683
1996,8,30,05:06:14,22.0738,92.2279,33.0,3.7,INDIA-BANGLADESH BORDER REGION,841381574
1996,8,18,02:48:03,25.8403,90.1497,38.5,4.4,INDIA-BANGLADESH BORDER REGION,840336483
1996,7,27,08:16:44,18.1917,87.3993,18.2,4.7,BAY OF BENGAL,838455404
1996,7,26,12:47:29,23.9425,89.9141,33.0,3.9,BANGLADESH,838385249
1996,7,5,14:01:47,21.8501,92.4797,28.1,4.1,MYANMAR-BANGLADESH BORDER REGION,836575307
1996,6,12,17:14:14,23.4441,91.0873,33.0,3.7,INDIA-BANGLADESH BORDER REGION,834599654
1996,5,28,15:40:55,26.47,89.96,0.0,3.6,INDIA-BANGLADESH BORDER REGION,833298055
1996,4,8,18:11:29,24.841,92.6468,33.0,3.8,INDIA-BANGLADESH BORDER REGION,828987089
1996,3,4,08:30:45,23.5642,92.6593,33.0,4.3,INDIA-BANGLADESH BORDER REGION,825928245
1995,12,9,10:04:48,15.543,88.5248,39.5,4.8,BAY OF BENGAL,818503488
1995,12,6,00:50:34,24.757,91.5435,47.4,4.1,INDIA-BANGLADESH BORDER REGION,818211034
1995,12,1,02:28:41,24.2544,91.945,20.0,4.0,INDIA-BANGLADESH BORDER REGION,817784921
1995,8,11,19:04:40,25.54,92.23,10.0,3.5,INDIA-BANGLADESH BORDER REGION,808167880
1995,7,20,20:06:46,23.0809,92.2602,27.1,4.3,INDIA-BANGLADESH BORDER REGION,806270806
1995,4,3,01:59:08,25.9914,91.8163,33.0,3.9,INDIA-BANGLADESH BORDER REGION,796874348
1995,2,26,15:17:54,20.3781,91.6631,33.0,3.8,BAY OF BENGAL,793811874
1994,9,28,04:04:33,25.6311,90.7274,33.1,4.0,INDIA-BANGLADESH BORDER REGION,780725073
1994,9,17,08:41:31,22.3644,92.0315,10.0,3.6,INDIA-BANGLADESH BORDER REGION,779791291
1994,7,24,23:39:06,25.1772,92.7777,26.7,4.7,INDIA-BANGLADESH BORDER REGION,775093146
1994,6,9,22:53:05,24.345,92.1934,53.1,4.4,INDIA-BANGLADESH BORDER REGION,771202385
1994,1,16,14:22:38,26.3855,89.1356,33.0,3.9,INDIA-BANGLADESH BORDER REGION,758730158
1993,12,5,04:42:33,23.6652,92.2476,33.0,3.7,INDIA-BANGLADESH BORDER REGION,755066553
1993,9,10,11:40:29,22.84,92.36,43.0,2.3,INDIA-BANGLADESH BORDER REGION,747661229
1993,7,28,09:41:57,24.62,92.12,34.0,3.0,INDIA-BANGLADESH BORDER REGION,743852517
1993,7,26,02:50:54,26.44,88.74,45.0,3.6,INDIA-BANGLADESH BORDER REGION,743655054
1993,7,23,21:29:18,25.44,90.89,20.0,3.1,INDIA-BANGLADESH BORDER REGION,743462958
1993,7,18,23:36:17,25.54,91.79,5.0,3.2,INDIA-BANGLADESH BORDER REGION,743038577
1993,5,27,07:30:45,25.561,92.6762,6.0,3.9,INDIA-BANGLADESH BORDER REGION,738487845
1993,5,26,08:47:16,25.49,92.55,23.0,2.6,INDIA-BANGLADESH BORDER REGION,738406036
1993,5,3,20:10:35,25.633,91.7783,10.0,3.3,INDIA-BANGLADESH BORDER REGION,736459835
1993,4,27,23:14:40,22.8958,91.6896,33.0,3.5,BANGLADESH,735952480
1993,3,22,19:45:02,25.58,90.88,24.0,2.6,INDIA-BANGLADESH BORDER REGION,732829502
1993,3,22,17:25:01,24.8314,91.8677,10.0,3.2,INDIA-BANGLADESH BORDER REGION,732821101
1993,3,20,18:13:26,25.88,90.68,19.0,3.3,INDIA-BANGLADESH BORDER REGION,732651206
1993,3,19,00:34:12,25.57,91.16,18.0,3.1,INDIA-BANGLADESH BORDER REGION,732501252
1993,3,18,11:03:54,25.59,91.67,16.0,3.1,INDIA-BANGLADESH BORDER REGION,732452634
1993,3,10,16:49:23,25.1,90.11,27.0,3.5,INDIA-BANGLADESH BORDER REGION,731782163
1993,3,8,22:02:46,25.72,90.77,20.0,3.0,INDIA-BANGLADESH BORDER REGION,731628166
1993,3,6,06:10:44,24.33,92.54,22.0,3.3,INDIA-BANGLADESH BORDER REGION,731398244
1993,3,4,18:44:36,24.76,92.4,18.0,3.2,INDIA-BANGLADESH BORDER REGION,731270676
1993,3,3,05:17:30,25.5616,90.3331,33.0,4.5,INDIA-BANGLADESH BORDER REGION,731135850
1993,2,15,18:12:10,25.53,90.95,18.0,2.5,INDIA-BANGLADESH BORDER REGION,729799930
1993,2,12,12:44:19,23.514,92.3503,33.0,4.3,INDIA-BANGLADESH BORDER REGION,729521059
1992,12,16,14:38:31,23.4456,92.5769,33.0,4.1,INDIA-BANGLADESH BORDER REGION,724516711
1992,12,12,14:20:56,25.4754,91.3878,41.0,5.0,INDIA-BANGLADESH BORDER REGION,724170056
1992,12,10,00:23:35,21.92,89.74,12.0,4.1,BANGLADESH,723947015
1992,12,8,23:22:05,17.8258,86.5245,33.0,4.5,BAY OF BENGAL,723856925
1992,11,22,04:17:45,24.7707,91.7092,33.0,3.4,INDIA-BANGLADESH BORDER REGION,722405865
1992,10,30,09:36:54,25.58,91.1,20.0,3.3,INDIA-BANGLADESH BORDER REGION,720437814
1992,10,29,07:40:57,25.32,92.05,44.0,3.4,INDIA-BANGLADESH BORDER REGION,720344457
1992,10,29,04:28:05,25.32,91.91,20.0,3.7,INDIA-BANGLADESH BORDER REGION,720332885
1992,10,25,16:38:54,25.64,90.37,21.0,2.2,INDIA-BANGLADESH BORDER REGION,720031134
1992,10,22,14:15:22,24.24,92.05,26.0,3.6,INDIA-BANGLADESH BORDER REGION,719763322
1992,10,22,12:37:13,25.4347,91.7797,23.0,3.6,INDIA-BANGLADESH BORDER REGION,719757433
1992,10,21,01:00:30,25.18,91.62,22.0,2.1,INDIA-BANGLADESH BORDER REGION,719629230
1992,10,16,19:09:36,25.45,91.13,20.0,3.0,INDIA-BANGLADESH BORDER REGION,719262576
1992,8,8,12:07:48,25.3519,91.9031,50.3,4.3,INDIA-BANGLADESH BORDER REGION,713275668
1992,7,19,13:48:40,21.5571,92.3946,33.0,4.1,MYANMAR-BANGLADESH BORDER REGION,711553720
1992,7,9,21:34:02,21.0464,90.0244,29.3,5.3,BANGLADESH,710717642
1992,7,6,09:21:39,25.71,90.98,20.0,2.7,INDIA-BANGLADESH BORDER REGION,710414499
1992,5,28,09:53:17,23.1445,92.0614,6.9,4.5,INDIA-BANGLADESH BORDER REGION,707046797
1992,5,3,21:11:29,23.8977,91.0906,33.0,4.2,INDIA-BANGLADESH BORDER REGION,704927489
1992,4,15,17:28:54,25.3167,90.5185,33.0,4.3,INDIA-BANGLADESH BORDER REGION,703358934
1992,2,25,01:57:25,25.1669,92.2332,33.0,5.0,INDIA-BANGLADESH BORDER REGION,698983045
1992,2,1,04:52:24,23.477,90.9012,33.0,3.7,BANGLADESH,696919944
1992,1,13,18:36:33,24.4174,92.4997,44.9,4.5,INDIA-BANGLADESH BORDER REGION,695327793
1992,1,10,02:46:11,24.9454,92.6272,85.0,3.8,INDIA-BANGLADESH BORDER REGION,695011571
1991,11,15,01:13:18,21.0181,92.5951,82.0,4.6,MYANMAR-BANGLADESH BORDER REGION,690167598
1991,9,26,05:04:48,25.5909,90.2668,33.0,4.8,INDIA-BANGLADESH BORDER REGION,685861488
1991,9,2,17:20:37,24.5412,90.4732,77.7,4.7,BANGLADESH,683832037
1991,8,22,03:53:44,25.2855,91.1834,44.5,4.7,INDIA-BANGLADESH BORDER REGION,682833224
1991,8,10,13:00:15,24.4347,90.5131,33.0,4.2,BANGLADESH,681829215
1991,8,7,11:36:29,25.2666,88.661,10.0,5.0,INDIA-BANGLADESH BORDER REGION,681564989
1991,4,26,09:15:52,20.8118,89.6729,33.0,4.7,BAY OF BENGAL,672657352
1991,2,3,13:22:09,25.4647,91.6745,19.2,3.8,INDIA-BANGLADESH BORDER REGION,665587329
1991,2,2,00:15:39,25.5081,91.171,25.5,4.9,INDIA-BANGLADESH BORDER REGION,665453739
1991,1,23,14:03:51,24.4197,92.5257,33.0,4.3,INDIA-BANGLADESH BORDER REGION,664639431
1990,10,11,14:42:03,21.2349,92.4405,41.1,4.0,MYANMAR-BANGLADESH BORDER REGION,655656123
1990,5,14,04:28:23,22.7771,92.6243,25.7,4.4,INDIA-BANGLADESH BORDER REGION,642659303
1990,2,5,02:06:48,24.8536,92.4078,33.0,4.1,INDIA-BANGLADESH BORDER REGION,634183608
1989,6,12,00:04:09,21.8338,89.7751,6.0,5.7,BANGLADESH,613613049
1989,5,9,16:17:17,22.8887,92.5078,105.0,4.0,INDIA-BANGLADESH BORDER REGION,610733837
1989,4,29,12:55:17,25.613,91.577,33.0,4.3,INDIA-BANGLADESH BORDER REGION,609857717
1989,4,13,07:25:33,24.4041,92.4312,9.9,5.1,INDIA-BANGLADESH BORDER REGION,608455533
1989,3,13,13:06:46,22.6586,92.0026,31.2,4.1,INDIA-BANGLADESH BORDER REGION,605797606
1989,2,14,15:52:45,23.5461,89.1903,33.0,4.1,BANGLADESH,603474765
1988,5,28,07:46:52,20.9909,89.8484,33.0,4.7,BAY OF BENGAL,580808812
1988,5,10,07:16:16,25.3216,90.883,33.0,4.4,INDIA-BANGLADESH BORDER REGION,579251776
1988,4,30,03:27:50,25.9467,91.6113,33.0,4.2,INDIA-BANGLADESH BORDER REGION,578374070
1988,2,28,05:55:48,24.717,91.5593,21.5,4.6,INDIA-BANGLADESH BORDER REGION,573026148
1988,2,8,07:39:37,15.6661,90.0501,10.0,4.3,BAY OF BENGAL,571304377
1988,2,6,14:50:45,24.6677,91.5619,33.0,5.8,INDIA-BANGLADESH BORDER REGION,571157445
1987,7,16,23:55:23,21.1616,92.4416,33.0,4.3,MYANMAR-BANGLADESH BORDER REGION,553478123
1987,7,16,02:19:15,23.551,92.3346,33.0,4.4,INDIA-BANGLADESH BORDER REGION,553400355
1986,10,14,14:03:02,25.026,91.9704,33.0,4.7,INDIA-BANGLADESH BORDER REGION,529682582
1986,9,10,07:50:26,25.3757,92.145,47.0,5.2,INDIA-BANGLADESH BORDER REGION,526722626
1986,2,19,17:34:23,25.1044,91.1302,6.7,5.3,INDIA-BANGLADESH BORDER REGION,509218463
1986,1,13,22:58:24,14.1344,88.7185,10.0,4.9,BAY OF BENGAL,506041104
1986,1,2,09:32:13,22.4942,92.6255,28.0,4.8,INDIA-BANGLADESH BORDER REGION,505042333
1985,11,3,03:57:52,23.6112,91.5203,9.0,4.9,INDIA-BANGLADESH BORDER REGION,499838272
1985,7,1,02:23:57,18.3936,87.2898,46.8,5.3,BAY OF BENGAL,489032637
1985,6,17,21:52:49,25.6492,90.1972,22.0,4.7,INDIA-BANGLADESH BORDER REGION,487893169
1984,9,30,21:35:25,25.4363,91.5072,34.1,5.1,INDIA-BANGLADESH BORDER REGION,465428125
1984,7,4,13:29:23,25.7997,92.7407,33.0,4.6,INDIA-BANGLADESH BORDER REGION,457795763
1984,6,15,16:06:06,19.6531,92.5812,0.0,4.9,BAY OF BENGAL,456163566
1984,5,21,09:59:05,23.6573,91.5078,12.6,5.3,INDIA-BANGLADESH BORDER REGION,453981545
1984,4,14,19:41:18,16.2036,87.6799,33.0,5.0,BAY OF BENGAL,450819678
1983,11,17,21:20:12,25.1483,91.7328,41.6,4.4,INDIA-BANGLADESH BORDER REGION,437952012
1983,7,23,07:28:34,25.3698,91.2511,58.5,4.7,INDIA-BANGLADESH BORDER REGION,427793314
1983,5,1,00:19:28,25.0907,92.2392,0.0,4.3,INDIA-BANGLADESH BORDER REGION,420596368
1983,1,19,12:09:33,25.4614,91.3634,10.0,4.9,INDIA-BANGLADESH BORDER REGION,411826173
1982,9,21,12:38:27,25.1516,91.2682,43.4,4.6,INDIA-BANGLADESH BORDER REGION,401459907
1982,8,31,10:42:45,25.3847,91.4601,32.3,5.0,INDIA-BANGLADESH BORDER REGION,399638565
1982,8,21,04:26:25,25.1619,92.2337,50.5,4.7,INDIA-BANGLADESH BORDER REGION,398751985
1982,7,6,06:13:32,25.8811,90.3101,8.4,5.1,INDIA-BANGLADESH BORDER REGION,394784012
1982,7,4,18:34:28,19.4963,90.6109,37.6,5.2,BAY OF BENGAL,394655668
1982,6,20,15:29:19,26.2437,89.9697,33.0,4.5,INDIA-BANGLADESH BORDER REGION,393434959
1982,4,8,02:41:16,18.5145,86.3057,18.2,5.5,BAY OF BENGAL,387081676
1982,2,26,00:05:47,25.7948,90.6162,48.9,4.7,INDIA-BANGLADESH BORDER REGION,383529947
1982,1,28,07:18:07,25.4733,90.8901,33.0,4.2,INDIA-BANGLADESH BORDER REGION,381050287
1982,1,11,20:53:00,24.6985,92.0578,40.3,4.7,INDIA-BANGLADESH BORDER REGION,379630380
1981,11,20,11:14:55,21.7076,90.7581,33.0,4.2,BANGLADESH,375102895
1981,3,26,02:47:10,22.3465,89.0758,0.0,4.9,BANGLADESH,354422830
1980,12,22,04:36:08,26.6689,89.5938,33.0,4.5,INDIA-BANGLADESH BORDER REGION,346307768
1980,12,1,20:33:26,22.0628,90.938,33.0,4.7,BANGLADESH,344550806
1980,10,30,05:29:41,23.8988,91.4561,29.5,5.0,INDIA-BANGLADESH BORDER REGION,341731781
1980,6,11,05:25:15,25.794,90.3105,68.6,4.8,INDIA-BANGLADESH BORDER REGION,329549115
1980,1,16,00:54:29,20.857,88.193,33.0,4.5,BAY OF BENGAL,316832069
1979,5,12,06:10:08,23.9519,92.4323,27.3,4.7,INDIA-BANGLADESH BORDER REGION,295337408
1979,4,11,16:08:12,25.9761,88.8424,33.0,4.8,INDIA-BANGLADESH BORDER REGION,292694892
1979,2,26,06:54:56,25.9754,91.2331,53.5,4.2,INDIA-BANGLADESH BORDER REGION,288860096
1979,1,28,06:06:38,24.8735,91.0199,41.5,4.9,INDIA-BANGLADESH BORDER REGION,286351598
1979,1,9,02:39:55,24.9587,92.4872,64.1,4.4,INDIA-BANGLADESH BORDER REGION,284697595
1978,10,4,07:02:34,16.5416,90.7245,33.0,4.4,BAY OF BENGAL,276332554
1978,4,23,07:49:51,19.1587,89.1563,0.0,4.2,BAY OF BENGAL,262165791
1978,4,7,23:32:35,22.7958,92.3806,48.6,4.6,INDIA-BANGLADESH BORDER REGION,260839955
1978,3,28,12:37:40,23.1509,92.7404,33.0,4.8,INDIA-BANGLADESH BORDER REGION,259936660
1977,12,23,21:00:27,23.7076,92.3092,33.0,5.1,INDIA-BANGLADESH BORDER REGION,251758827
1977,6,5,19:21:37,26.0725,88.4311,17.5,4.8,INDIA-BANGLADESH BORDER REGION,234386497
1974,9,21,06:27:41,25.6252,91.0429,27.0,4.7,INDIA-BANGLADESH BORDER REGION,148976861
1974,5,15,03:51:21,25.6575,91.9123,34.1,4.5,INDIA-BANGLADESH BORDER REGION,137821881
1973,11,2,12:09:55,25.7216,91.704,21.0,4.8,INDIA-BANGLADESH BORDER REGION,121090195
1973,10,31,12:06:47,25.21,92.4503,33.1,4.3,INDIA-BANGLADESH BORDER REGION,120917207
1971,2,2,07:59:55,23.7137,91.6624,36.5,5.4,INDIA-BANGLADESH BORDER REGION,34329595
1970,8,28,01:24:07,24.78,91.55,39.0,4.9,INDIA-BANGLADESH BORDER REGION,20654647
1970,7,25,01:35:26,25.72,88.58,32.0,5.1,INDIA-BANGLADESH BORDER REGION,17717726
